{
  "F": 42.857142857142854,
  "D": 0.5,
  "HCL": 0.84,
  "Tr": 0.9,
  "A": -0.46211715726000974,
  "S": 0.0,
  "EL": 0.0,
  "EfficiencyScore": 1.0
}