{
  "AI": {
    "F": 21.428571428571427,
    "D": 0.2,
    "HCL": 0.96,
    "Tr": 1.0,
    "A": 0.0,
    "S": 0.0,
    "EL": 0.0,
    "EfficiencyScore": 1.0
  },
  "H": {
    "F": 27.272727272727273,
    "D": 0.8,
    "HCL": 0.84,
    "Tr": 0.8,
    "A": -0.7615941559557649,
    "S": 0.0,
    "EL": 0.0,
    "EfficiencyScore": 1.0
  }
}