{
  "task": "CT Scan Diagnosis",
  "seed": 7,
  "config_hash": "0dfea8ce2f90",
  "metrics": {
    "F": 1.0,
    "D": 0.7341548333333334,
    "HCL": 0.27184260813911354,
    "Tr": 1.0,
    "A": 0.09166666666666666,
    "S": 0.0,
    "EL": 0.0
  }
}