{
  "task": "CT Scan Diagnosis",
  "seed": 42,
  "config_hash": "0dfea8ce2f90",
  "metrics": {
    "F": 1.0,
    "D": 0.7300470833333333,
    "HCL": 0.29135614339503113,
    "Tr": 1.0,
    "A": 0.09166666666666666,
    "S": 0.0,
    "EL": 0.0
  }
}