{
  "task": "CT Scan Diagnosis",
  "seed": 7,
  "config_hash": "0dfea8ce2f90",
  "metrics": {
    "F": 6.0,
    "D": 1.0,
    "HCL": 0.27184260813911354,
    "Tr": 1.0,
    "A": 0.5499999999999999,
    "S": 0.0,
    "EL": 0.26584516666666663
  }
}