{
  "task": "CT Scan Diagnosis",
  "seed": 42,
  "config_hash": "0dfea8ce2f90",
  "metrics": {
    "F": 6.0,
    "D": 1.0,
    "HCL": 0.29135614339503113,
    "Tr": 1.0,
    "A": 0.5499999999999999,
    "S": 0.0,
    "EL": 0.26995291666666665
  }
}